Feature,Importance Mean,Importance Std
petal length (cm),0.24833333333333335,0.07414325473178411
petal width (cm),0.21666666666666665,0.05217491947499513
sepal width (cm),0.0,0.0
sepal length (cm),0.0,0.0
